Model,Accuracy,R-squared,Best var_smoothing
Initial,0.5956580732700135,-9.034999543086906,
Optimized,0.5956580732700135,-9.034999543086906,1e-06
