Model,Accuracy,R-squared,Best var_smoothing
Initial,0.4022801302931596,-13.739534275248563,
Optimized,0.4030944625407166,-13.719453165881738,1e-06
