Model,Accuracy,R-squared,Best var_smoothing
Initial,0.20195439739413681,-18.67948717948718,
Optimized,0.28827361563517917,-16.550889586603873,1e-06
